<annotation>
	<folder>images</folder>
	<filename>nonDem300.jpg</filename>
	<path>D:\Cathy's File\DS 103\Project\Alzheimer's\train\images\nonDem300.jpg</path>
	<source>
		<database>Unknown</database>
	</source>
	<size>
		<width>176</width>
		<height>208</height>
		<depth>1</depth>
	</size>
	<segmented>0</segmented>
	<object>
		<name>non-demented</name>
		<pose>Unspecified</pose>
		<truncated>0</truncated>
		<difficult>0</difficult>
		<bndbox>
			<xmin>17</xmin>
			<ymin>18</ymin>
			<xmax>155</xmax>
			<ymax>189</ymax>
		</bndbox>
	</object>
</annotation>
