<annotation>
	<folder>images</folder>
	<filename>mildDem519.jpg</filename>
	<path>D:\Cathy's File\DS 103\Project\Alzheimer's\train\images\mildDem519.jpg</path>
	<source>
		<database>Unknown</database>
	</source>
	<size>
		<width>176</width>
		<height>208</height>
		<depth>1</depth>
	</size>
	<segmented>0</segmented>
	<object>
		<name>mild-demented</name>
		<pose>Unspecified</pose>
		<truncated>0</truncated>
		<difficult>0</difficult>
		<bndbox>
			<xmin>18</xmin>
			<ymin>22</ymin>
			<xmax>154</xmax>
			<ymax>188</ymax>
		</bndbox>
	</object>
</annotation>
